문제번호,과목코드,과목명,대단원번호,대단원명,중단원번호,중단원명,섹션번호,섹션명,키워드,유형,난이도,배점,문제내용,보기1,보기2,보기3,보기4,정답,해설
500,PHY,물리학,1,힘과 에너지,2,에너지와 열,1,역학적 에너지 보존,,theory,ba,5,"물체에 크기가 F인 힘이 작용하여 힘의 방향으로 거리 s만큼 이동했을 때, 이 힘이 한 일 W를 나타내는 식으로 옳은 것은?",W = F / s,W = Fs,W = F + s,W = Fs²,2,"일 W = Fs 입니다. 힘의 크기와, 힘의 방향으로 이동한 거리의 곱입니다. 힘의 방향과 이동 방향이 서로 수직이면 힘의 방향으로 이동한 거리가 0이므로 한 일도 0입니다."
501,PHY,물리학,1,힘과 에너지,2,에너지와 열,1,역학적 에너지 보존,,theory,ba,5,일의 SI 단위와 그 의미로 옳은 것은?,N — 질량 1 kg인 물체를 1 m/s²으로 가속시키는 힘의 크기,W — 물체가 1초 동안 1 m 이동한 양,J — 1 N의 힘을 작용하여 힘의 방향으로 1 m 이동시켰을 때 한 일의 양,kg·m — 질량 1 kg인 물체를 1 m 옮긴 양,3,"일의 단위는 J(줄)입니다. 1 J = 1 N × 1 m 이므로, 1 N의 힘으로 힘의 방향으로 1 m 이동시켰을 때 한 일이 1 J입니다. N은 힘의 단위이므로 혼동하지 않도록 합니다."
502,PHY,물리학,1,힘과 에너지,2,에너지와 열,1,역학적 에너지 보존,,theory,ba,5,"힘의 크기 F와 이동 거리 s를 축으로 그린 F-s 그래프에서, 그래프 아래의 넓이가 나타내는 물리량은?",힘이 한 일,물체의 질량,물체의 가속도,물체의 운동량,1,"W = Fs 이므로 (세로축 F) × (가로축 s) = 넓이 = 일 입니다. 힘의 크기가 일정하면 넓이는 직사각형이 되고, 힘의 크기가 변하더라도 그래프 아래 넓이가 곧 한 일이라는 사실은 그대로 성립합니다."
503,PHY,물리학,1,힘과 에너지,2,에너지와 열,1,역학적 에너지 보존,,theory,ba,5,정지해 있던 질량 m인 물체에 알짜힘 F가 거리 s만큼 작용하여 속력이 v가 되었다. 등가속도 공식 2as = v^2 - v₀^2를 이용하여 W = Fs를 정리한 결과로 옳은 것은?,W = mv,W = mv²,W = 2mv²,W = ½mv²,4,"W = Fs = mas 입니다. 처음에 정지해 있었으므로 v₀ = 0, 따라서 2as = v², 즉 as = ½v² 입니다. 이를 대입하면 W = m × ½v² = ½mv². 이렇게 얻어진 양을 운동 에너지 Eₖ = ½mv² 로 정의합니다."
504,PHY,물리학,1,힘과 에너지,2,에너지와 열,1,역학적 에너지 보존,,theory,ba,5,일 · 운동 에너지 정리의 내용으로 옳은 것은?,물체에 작용한 알짜힘이 한 일은 물체의 중력에 의한 위치 에너지와 같다.,물체에 작용한 알짜힘이 한 일은 물체의 운동 에너지의 변화량과 같다.,물체에 작용한 알짜힘이 한 일은 물체의 질량 변화량과 같다.,물체에 작용한 알짜힘이 한 일은 항상 0이다.,2,W = ½mv² − ½mv₀² = ΔEₖ. 알짜힘이 한 일만큼 운동 에너지가 변합니다. '변화량'이라는 점이 중요합니다. 알짜힘이 한 일이 음수이면 운동 에너지는 줄어듭니다.
505,PHY,물리학,1,힘과 에너지,2,에너지와 열,1,역학적 에너지 보존,,theory,ba,5,질량 m인 물체를 지표면에서 높이 h만큼 서서히 들어 올렸다. 중력에 의한 위치 에너지 E_P와 각 기호의 의미로 옳은 것은?,"Eₚ = mgh — m은 질량, g는 중력 가속도, h는 기준점으로부터의 높이","Eₚ = ½mh² — m은 질량, h는 높이","Eₚ = mgh² — m은 질량, g는 중력 가속도, h는 높이","Eₚ = mg / h — m은 질량, g는 중력 가속도, h는 높이",1,"물체를 서서히 들어 올릴 때 중력에 대해 한 일 W = mgh 가 그대로 위치 에너지로 저장됩니다. 위치 에너지는 기준점으로부터의 높이에 비례하므로, 기준점을 어디로 잡느냐에 따라 값이 달라진다는 점도 함께 기억해 둡니다."
506,PHY,물리학,1,힘과 에너지,2,에너지와 열,1,역학적 에너지 보존,,theory,ba,5,"용수철 상수가 k인 용수철을 평형 위치로부터 x만큼 변형시켰을 때, 탄성력에 의한 위치 에너지로 옳은 것은?",½kx,kx²,½kx²,½k²x,3,탄성력의 크기는 kx로 변형된 길이에 비례하므로 F-x 그래프가 원점을 지나는 직선입니다. 그래프 아래 삼각형의 넓이 = ½ × (밑변 x) × (높이 kx) = ½kx². 중력의 경우(mgh)와 달리 제곱이 들어간다는 점이 핵심입니다.
507,PHY,물리학,1,힘과 에너지,2,에너지와 열,1,역학적 에너지 보존,,theory,ba,5,용수철의 탄성력을 나타내는 식 F = -kx에서 음(−) 부호가 뜻하는 것으로 옳은 것은?,탄성력의 크기가 항상 음수라는 뜻이다.,탄성력의 방향이 변형된 방향과 반대라는 뜻이다.,용수철 상수 k가 음수라는 뜻이다.,용수철이 늘어날 때만 힘이 작용한다는 뜻이다.,2,"탄성력은 언제나 평형 위치로 되돌아가려는 방향(복원력)으로 작용합니다. 당기면 반대로 끌어당기고 압축하면 반대로 밀어냅니다. 음 부호는 이 '반대 방향'을 나타내며, 크기 자체는 kx로 양수입니다."
508,PHY,물리학,1,힘과 에너지,2,에너지와 열,1,역학적 에너지 보존,,theory,ba,5,"공기 저항이 없을 때 자유 낙하하는 질량 m인 물체가 높이 h에서 속력 v, 높이 h'에서 속력 v'이었다. 성립하는 역학적 에너지 보존식으로 옳은 것은?",mgh = mgh′,½mv² = ½mv′²,mgh − ½mv² = mgh′ − ½mv′²,mgh + ½mv² = mgh′ + ½mv′²,4,"역학적 에너지 E = Eₚ + Eₖ 가 일정하므로, 어느 두 지점에서든 (위치 에너지 + 운동 에너지)의 합이 같습니다. 즉 mgh + ½mv² = mgh′ + ½mv′². 두 에너지를 '더한' 값이 보존된다는 점을 놓치지 않도록 합니다."
509,PHY,물리학,1,힘과 에너지,2,에너지와 열,1,역학적 에너지 보존,,theory,ba,5,공기 저항이 없는 자유 낙하에서 높이에 따른 위치 에너지와 운동 에너지의 변화를 옳게 설명한 것은?,높이가 낮아질수록 위치 에너지와 운동 에너지가 모두 증가한다.,높이가 낮아질수록 위치 에너지는 증가하고 운동 에너지는 감소한다.,"높이가 낮아질수록 위치 에너지는 감소하고, 감소한 만큼 운동 에너지가 증가한다.",높이가 낮아질수록 위치 에너지와 운동 에너지가 모두 감소한다.,3,Eₚ = mgh 이므로 위치 에너지는 높이에 정비례하여 직선으로 감소합니다. 역학적 에너지 총합이 일정하므로 줄어든 만큼 그대로 운동 에너지가 늘어납니다. 따라서 두 그래프를 더하면 어느 높이에서나 같은 값이 되어 수평선이 됩니다.
510,PHY,물리학,1,힘과 에너지,2,에너지와 열,1,역학적 에너지 보존,,theory,ba,5,마찰과 공기 저항이 없는 롤러코스터에 대한 설명으로 옳은 것은?,가장 낮은 지점에서 속력이 최대이다.,가장 높은 지점에서 운동 에너지가 최대이다.,높이가 같은 두 지점에서 속력이 서로 다르다.,아래로 내려갈수록 역학적 에너지의 총합이 커진다.,1,E = Eₚ + Eₖ 가 일정합니다. 가장 낮은 지점에서 위치 에너지가 최소이므로 운동 에너지가 최대가 되어 속력이 가장 빠릅니다. 또 높이가 같으면 위치 에너지가 같으므로 운동 에너지도 같아 속력이 같습니다. 역학적 에너지 총합은 어디서나 일정합니다.
511,PHY,물리학,1,힘과 에너지,2,에너지와 열,1,역학적 에너지 보존,,theory,ba,5,마찰이 없는 수평면에서 용수철에 연결된 물체가 진폭 A로 좌우 진동한다. 물체의 속력이 최대가 되는 지점은?,진폭의 양 끝 지점,진폭의 절반이 되는 지점,어느 지점에서나 속력이 같다,평형 위치,4,½mv² + ½kx² = ½kA² 가 일정합니다. 평형 위치(x = 0)에서는 탄성력에 의한 위치 에너지가 0이므로 운동 에너지가 최대가 되어 속력이 가장 빠릅니다. 반대로 양 끝(x = ±A)에서는 모든 에너지가 위치 에너지이므로 속력이 0입니다.
512,PHY,물리학,1,힘과 에너지,2,에너지와 열,1,역학적 에너지 보존,,theory,ad,5,[심화] 마찰이 없는 수평면에서 진폭 A로 진동하는 물체의 운동 에너지와 탄성력에 의한 위치 에너지가 서로 같아지는 지점의 위치 x는?,x = A / 2,x = A / √2,x = A / 4,x = A / √3,2,"전체 역학적 에너지는 ½kA² 입니다. 두 에너지가 같으려면 위치 에너지가 그 절반이어야 하므로 ½kx² = ½ × ½kA², 즉 x² = A²/2 → x = A/√2 ≈ 0.71A. 에너지가 반씩 나뉘는 지점이 진폭의 절반(A/2)이 아니라는 점이 핵심입니다. 위치 에너지가 x의 제곱에 비례하기 때문입니다."
513,PHY,물리학,1,힘과 에너지,2,에너지와 열,1,역학적 에너지 보존,,theory,ba,5,"[유형] 고정 도르래 양쪽에 질량 M과 m(M > m)인 물체를 실로 연결하고 가만히 놓았다. 무거운 물체가 h만큼 내려갔을 때 두 물체의 속력을 v라 하면, 옳은 에너지 보존식은?",Mgh = ½Mv²,Mgh + mgh = ½(M + m)v²,Mgh − mgh = ½(M + m)v²,Mgh − mgh = ½(M − m)v²,3,"M은 h만큼 내려가 위치 에너지가 Mgh 감소하고, m은 같은 h만큼 올라가 위치 에너지가 mgh 증가합니다. 순수하게 줄어든 위치 에너지 (Mgh − mgh)가 두 물체 전체의 운동 에너지로 바뀝니다. 두 물체는 실로 연결되어 속력이 같으므로 운동 에너지는 ½Mv² + ½mv² = ½(M + m)v² 입니다. 무거운 쪽만 계산하지 않도록 주의합니다."
514,PHY,물리학,1,힘과 에너지,2,에너지와 열,1,역학적 에너지 보존,,theory,ad,5,"[유형][심화] 마찰이 없는 수평면에서 용수철 상수 k인 용수철을 x만큼 압축한 채 질량 m₁, m₂인 두 물체를 붙여 두었다가 놓았더니, 두 물체가 각각 v₁, v₂의 속력으로 양쪽으로 분리되었다. 옳은 에너지 보존식은?",½kx² = ½m₁v₁² + ½m₂v₂²,½kx² = ½(m₁ + m₂)(v₁ + v₂)²,kx² = ½m₁v₁² + ½m₂v₂²,½kx = ½m₁v₁² + ½m₂v₂²,1,"압축된 용수철에 저장되어 있던 탄성력에 의한 위치 에너지 ½kx² 가 두 물체의 운동 에너지로 모두 전환됩니다. 두 물체의 속력이 서로 다르므로 각각 따로 계산해서 더해야 합니다. 참고로 이 상황에서는 운동량 보존 m₁v₁ = m₂v₂ 도 동시에 성립하므로, 두 식을 연립하면 각각의 속력을 구할 수 있습니다."
515,PHY,물리학,1,힘과 에너지,2,에너지와 열,1,역학적 에너지 보존,,theory,ba,5,[유형] 높이차가 h인 언덕 위에서 처음 속력 v₀으로 출발하여 마찰 없이 언덕 아래로 내려왔다. 언덕 아래에서의 속력 v에 대해 성립하는 식으로 옳은 것은?,½mv₀² = ½mv²,mgh = ½mv²,½mv₀² = ½mv² + mgh,½mv₀² + mgh = ½mv²,4,"언덕 위에서는 운동 에너지 ½mv₀² 와 위치 에너지 mgh 를 가지고, 언덕 아래(기준점)에서는 운동 에너지 ½mv² 만 가집니다. 보존 법칙에 의해 ½mv₀² + mgh = ½mv². 처음 속력이 0이 아니라는 점에 주의합니다."
516,PHY,물리학,1,힘과 에너지,2,에너지와 열,1,역학적 에너지 보존,,theory,ad,5,"[유형][심화] 위와 같은 상황에서 내리막 구간에 크기가 F인 마찰력이 작용하고 마찰 구간의 길이가 S일 때, 성립하는 관계식으로 옳은 것은?",½mv₀² + mgh + FS = ½mv²,½mv₀² + mgh = ½mv² + FS,½mv₀² + mgh = ½mv² − FS,½mv₀² = ½mv² + mgh + FS,2,"마찰이 있으면 역학적 에너지는 보존되지 않습니다. (처음 역학적 에너지) = (나중 역학적 에너지) + (마찰력이 한 일). 마찰력이 한 일 FS 만큼의 역학적 에너지가 열로 전환되어 사라집니다. 마찰력은 운동을 방해하는 방향으로 작용하므로 에너지를 빼앗는 쪽, 즉 나중 상태에 더해 주는 자리에 놓입니다."
517,PHY,물리학,1,힘과 에너지,2,에너지와 열,1,역학적 에너지 보존,,theory,ad,5,[심화] 용수철 상수 k인 용수철에 질량 m인 물체를 매달았더니 x₀만큼 늘어난 채 정지하였다. 이 상태에서 성립하는 관계식으로 옳은 것은?,½kx₀² = mg,kx₀ = mgx₀,kx₀² = mg,kx₀ = mg,4,정지해 있으므로 알짜힘이 0입니다. 위로 작용하는 탄성력 kx₀ 와 아래로 작용하는 중력 mg 가 힘의 평형을 이룹니다. 따라서 kx₀ = mg. 이 관계식은 세로 진동 문제를 풀 때 마지막 정리 단계에서 반드시 필요하므로 꼭 기억해 둡니다.
518,PHY,물리학,1,힘과 에너지,2,에너지와 열,1,역학적 에너지 보존,,theory,ad,5,[심화] 위 상황에서 물체를 평형 위치로부터 A만큼 더 아래로 당겼다가 가만히 놓았다. 진동하는 동안 물체의 최대 속력 v_max에 대해 성립하는 관계식으로 옳은 것은?,½kA² = ½mv(max)²,½k(x₀ + A)² = ½mv(max)²,mgA = ½mv(max)²,½kx₀² = ½mv(max)²,1,"당긴 지점의 역학적 에너지 ½k(x₀ + A)² 와, 평형 위치를 지날 때의 역학적 에너지 mgA + ½kx₀² + ½mv(max)² 를 같다고 놓습니다. 좌변을 전개한 뒤 kx₀ = mg 를 대입하면 중력 항과 x₀ 항이 모두 상쇄되어 ½kA² = ½mv(max)² 만 남습니다. 결론이 중요합니다. 세로 진동도 평형 위치를 기준으로 보면 수평면에서 진동하는 경우와 완전히 같은 형태가 됩니다."
519,PHY,물리학,1,힘과 에너지,2,에너지와 열,1,역학적 에너지 보존,,theory,ba,5,굴러가던 공이 마찰력과 공기 저항 때문에 점점 느려지다가 결국 멈추었다. 이에 대한 설명으로 옳은 것은?,공의 에너지가 완전히 사라졌으므로 에너지 보존 법칙이 성립하지 않는다.,공의 역학적 에너지는 그대로 보존되었다.,"감소한 역학적 에너지는 마찰력과 공기 저항이 한 일과 같으며, 주로 열의 형태로 전환되었다.",마찰력은 공에 일을 하지 않는다.,3,"마찰력과 공기 저항이 운동 방향과 반대로 작용하며 공에 일을 하고, 그만큼 역학적 에너지가 감소합니다. 감소한 역학적 에너지는 열, 소리 등으로 전환되며 최종적으로는 열의 형태로 주변에 흩어집니다. 열까지 포함하면 에너지의 총량은 여전히 보존됩니다."
520,PHY,물리학,1,힘과 에너지,2,에너지와 열,2,열과 에너지,,theory,ba,5,두 손바닥을 빠르게 비비면 손이 따뜻해진다. 그 까닭으로 옳은 것은?,손의 역학적 에너지가 마찰에 의해 열로 전환되기 때문,손의 화학 에너지가 직접 빛으로 전환되기 때문,손의 질량이 줄어들기 때문,손이 주변 공기로부터 열을 흡수하기 때문,1,두 물체가 접촉한 채로 움직이면 마찰에 의해 역학적 에너지의 일부가 열로 전환되어 접촉면의 온도가 올라갑니다. 빠르게 비빌수록 더 많은 역학적 에너지가 열로 바뀌므로 온도가 더 많이 올라갑니다.
521,PHY,물리학,1,힘과 에너지,2,에너지와 열,2,열과 에너지,,theory,ba,5,'열'의 정의로 옳은 것은?,물체가 가진 에너지의 총량,온도 차에 의해 전달되는 에너지,물체의 온도 그 자체,물체를 이루는 입자의 개수,2,"열은 온도 차에 의해 전달되는 에너지입니다. 즉 '물체가 가지고 있는 것'이 아니라 '이동하는 과정'을 가리키는 말입니다. 물체가 가지고 있는 것은 내부 에너지이며, 열은 항상 온도가 높은 쪽에서 낮은 쪽으로 이동합니다."
522,PHY,물리학,1,힘과 에너지,2,에너지와 열,2,열과 에너지,,theory,ba,5,줄(Joule)의 실험 장치에서 일어나는 에너지 전환 순서로 옳은 것은?,물의 열에너지 → 회전 날개의 운동 에너지 → 추의 위치 에너지,추의 운동 에너지 → 물의 위치 에너지 → 날개의 열에너지,추의 위치 에너지 → 회전 날개의 운동 에너지 → 물의 열에너지,물의 위치 에너지 → 추의 운동 에너지 → 날개의 열에너지,3,"추가 중력에 의해 떨어지면서 위치 에너지가 감소하고, 도르래로 연결된 회전 날개가 돌아가며 운동 에너지를 얻습니다. 날개가 물을 휘저으면 그 운동 에너지가 물의 열에너지로 전환되어 물의 온도가 올라갑니다. 줄은 이 장치로 역학적 일과 전환된 열량이 정확히 비례함을 밝혀냈습니다."
523,PHY,물리학,1,힘과 에너지,2,에너지와 열,2,열과 에너지,,theory,ba,5,"일의 기호, 열의 기호, 열의 일당량의 기호를 순서대로 옳게 짝지은 것은?","Q, W, J","W, J, Q","J, W, Q","W, Q, J",4,"일은 W(Work), 열은 Q(Quantity of heat), 열의 일당량은 J로 씁니다. 일의 단위 기호 J(줄)와 열의 일당량 기호 J가 같은 글자라서 헷갈리기 쉬우므로, 문맥으로 구분하는 연습이 필요합니다."
524,PHY,물리학,1,힘과 에너지,2,에너지와 열,2,열과 에너지,,theory,ad,5,"[심화] 열의 일당량 J의 값과 단위, 그리고 일 W와 열 Q 사이의 관계로 옳은 것은?","J ≈ 4.2 cal/J 이고, W = Q / J 이다.","J ≈ 9.8 J/cal 이고, W = JQ 이다.","J ≈ 1 J/cal 이고, W = Q 이다.","J ≈ 4.2 J/cal 이고, W = JQ 이다.",4,"줄의 실험 결과 역학적 일과 발생한 열량은 정확히 비례하며, 그 비례상수가 열의 일당량입니다. W = JQ, J ≈ 4.2 J/cal. 즉 1 cal의 열은 약 4.2 J의 일에 해당합니다. 단위가 J/cal 인 이유는 cal 단위의 열량 Q에 곱해서 J 단위의 일 W가 나와야 하기 때문입니다."
525,PHY,물리학,1,힘과 에너지,2,에너지와 열,2,열과 에너지,,theory,ba,5,에너지 보존 법칙에 대한 설명으로 옳은 것은?,"에너지는 다른 형태로 전환될 뿐 새로 생기거나 없어지지 않으며, 총량은 항상 일정하다.",마찰이 있으면 에너지의 총량이 줄어든다.,역학적 에너지는 어떤 경우에도 항상 보존된다.,에너지는 열로 전환될 때만 보존된다.,1,"마찰이 있으면 '역학적' 에너지는 보존되지 않지만, 열로 전환된 에너지까지 모두 포함하면 총량은 변하지 않습니다. 이것이 에너지 보존 법칙입니다. '역학적 에너지 보존'과 '에너지 보존'은 적용 범위가 다르므로 반드시 구분해야 합니다."
526,PHY,물리학,1,힘과 에너지,2,에너지와 열,2,열과 에너지,,theory,ba,5,온도와 기체 분자의 운동 사이의 관계로 옳은 것은?,온도는 기체 분자의 개수에 비례한다.,온도가 높을수록 기체 분자의 평균 운동 에너지가 크다.,온도가 높을수록 기체 분자의 평균 운동 에너지가 작다.,온도와 기체 분자의 운동은 아무런 관계가 없다.,2,온도는 물질을 이루는 입자들의 '평균' 운동 에너지의 척도입니다. 온도가 높다는 것은 입자들이 더 활발하게 무작위 운동을 하고 있다는 뜻입니다. 개수가 아니라 평균값이라는 점이 핵심입니다.
527,PHY,물리학,1,힘과 에너지,2,에너지와 열,2,열과 에너지,,theory,ba,5,물질을 구성하는 입자들이 무작위 운동(열운동)을 하며 가지는 역학적 에너지의 총합을 무엇이라 하는가?,잠열,열의 일당량,내부 에너지,일률,3,"내부 에너지는 물질을 이루는 모든 입자가 가진 에너지의 총합입니다. '총합'이라는 점 때문에 입자 수가 많으면 커지고, 온도는 이를 입자 수로 나눈 평균값의 척도라는 차이가 생깁니다."
528,PHY,물리학,1,힘과 에너지,2,에너지와 열,2,열과 에너지,,theory,ad,5,[심화] 온도에 대한 설명으로 옳은 것은?,온도는 물체가 가진 내부 에너지의 총량이다.,온도는 물체의 질량에 비례한다.,온도가 같으면 내부 에너지도 반드시 같다.,온도는 입자들의 평균적인 운동 에너지의 척도이다.,4,온도는 '평균'의 척도이고 내부 에너지는 '총합'입니다. 따라서 온도가 같아도 입자 수가 다르면 내부 에너지는 다릅니다. 예를 들어 같은 온도의 물 한 컵과 욕조 가득한 물은 온도는 같지만 내부 에너지는 욕조 쪽이 훨씬 큽니다.
529,PHY,물리학,1,힘과 에너지,2,에너지와 열,2,열과 에너지,,theory,ad,5,"[심화] 같은 종류의 기체가 담긴 두 용기 A, B가 있다. A의 내부 에너지가 B보다 클 때, A가 B보다 반드시 뜨겁다고 할 수 있는가?","아니다. 내부 에너지는 입자 수에도 의존하므로, 입자 수가 많으면 온도가 낮아도 내부 에너지가 클 수 있다.",그렇다. 내부 에너지가 크면 언제나 온도가 높다.,아니다. 내부 에너지와 온도는 아무런 관계가 없다.,그렇다. 내부 에너지와 온도는 같은 물리량이다.,1,내부 에너지 = 입자 수 × 입자 하나의 평균 에너지. 따라서 내부 에너지가 크다고 해서 평균 에너지가 크다고 단정할 수 없습니다. 입자 수가 아주 많으면 미지근해도 내부 에너지 총합은 클 수 있습니다. 내부 에너지와 온도는 관계가 있지만 같은 것은 아닙니다.
530,PHY,물리학,1,힘과 에너지,2,에너지와 열,2,열과 에너지,,theory,ad,5,"[심화] 같은 종류의 기체가 담긴 두 용기에 대하여, '내부 에너지가 큰 쪽'과 '입자의 평균 속력이 큰 쪽' 중 온도가 더 높다고 확실하게 말할 수 있는 것은?",내부 에너지가 큰 쪽,평균 속력이 큰 쪽,둘 다 확실하게 말할 수 있다,둘 다 확실하게 말할 수 없다,2,"온도를 결정하는 것은 입자 하나의 평균 운동 에너지입니다. 같은 종류의 기체라면 질량이 같으므로 평균 속력이 큰 쪽이 곧 평균 운동 에너지가 큰 쪽이고, 따라서 온도가 높습니다. 반면 내부 에너지는 입자 수까지 곱해진 총합이므로 온도를 직접 알려 주지 못합니다."
531,PHY,물리학,1,힘과 에너지,2,에너지와 열,2,열과 에너지,,theory,ba,5,"전도, 대류, 복사의 차이를 옳게 설명한 것은?",전도 — 유체가 직접 흐르며 전달 / 대류 — 고체 입자의 충돌로 전달 / 복사 — 진공에서는 일어나지 않음,전도 — 전자기파로 전달 / 대류 — 고체에서만 전달 / 복사 — 유체에서만 전달,전도 — 주로 고체에서 이웃한 입자끼리 충돌하며 차례로 전달 / 대류 — 유체의 입자가 직접 이동하며 전달 / 복사 — 전자기파의 형태로 전달,세 방식 모두 물질이 있어야만 열이 전달된다.,3,"전도는 고체, 대류는 유체(액체·기체), 복사는 전자기파로 기억합니다. 전도와 대류는 물질을 통해서 전달되지만, 복사는 전자기파이므로 물질이 없는 진공에서도 전달됩니다."
532,PHY,물리학,1,힘과 에너지,2,에너지와 열,2,열과 에너지,,theory,ba,5,물을 끓일 때 아래쪽의 데워진 물이 위로 올라가고 위쪽의 찬물이 아래로 내려오면서 전체가 데워진다. 이때의 주된 열전달 방식은?,전도,복사,잠열,대류,4,열을 받아 입자 운동이 활발해지면 입자 사이 간격이 커져 열팽창이 일어납니다. 그 결과 밀도가 작아진 유체가 위로 올라가고 그 자리로 찬 유체가 밀려 내려오면서 에너지가 전달됩니다. 이처럼 유체 자체가 이동하며 열을 나르는 방식이 대류입니다. 해풍과 육풍도 같은 원리입니다.
533,PHY,물리학,1,힘과 에너지,2,에너지와 열,2,열과 에너지,,theory,ba,5,태양의 열이 우주 공간을 지나 지구에 도달하는 열전달 방식과 그 특징으로 옳은 것은?,전도 — 입자끼리 충돌하며 차례로 전달된다.,대류 — 뜨거운 공기가 직접 이동한다.,잠열 — 상태 변화를 통해 전달된다.,복사 — 전자기파의 형태로 전달되므로 물질이 없어도 전달된다.,4,우주 공간은 거의 진공이므로 전도나 대류로는 열이 전달될 수 없습니다. 복사는 전자기파의 형태로 에너지가 전달되는 방식이라 매질이 필요 없습니다. 온도가 높은 물체일수록 더 많은 에너지를 전자기파로 방출합니다.
534,PHY,물리학,1,힘과 에너지,2,에너지와 열,2,열과 에너지,,theory,ba,5,'잠열'의 정의로 옳은 것은?,물질의 상태 변화가 일어날 때 출입하는 열,물질의 온도를 1 ℃ 올리는 데 필요한 열,물질이 방출하는 전자기파의 총량,물질이 가지고 있는 내부 에너지의 총량,1,"잠열은 물질의 상태 변화가 일어날 때 출입하는 열입니다. 이 열은 온도를 올리는 데 쓰이지 않으므로, 온도-가열 시간 그래프에서 온도가 변하지 않는 구간에 해당합니다."
535,PHY,물리학,1,힘과 에너지,2,에너지와 열,2,열과 에너지,,theory,ba,5,얼음에 계속 열을 가할 때 온도-가열 시간 그래프에서 온도가 일정하게 유지되는 구간이 뜻하는 것으로 옳은 것은?,열이 전혀 출입하지 않는 구간,상태 변화가 일어나며 잠열이 출입하는 구간,물질의 질량이 줄어드는 구간,내부 에너지가 0이 되는 구간,2,온도가 변하지 않는다고 해서 열이 들어오지 않는 것이 아닙니다. 열은 계속 들어오지만 그 열이 모두 상태를 바꾸는 데 쓰이기 때문에 온도가 올라가지 않는 것입니다. 물의 경우 0 ℃(융해)와 100 ℃(기화)에서 이런 수평 구간이 나타납니다.
536,PHY,물리학,1,힘과 에너지,2,에너지와 열,2,열과 에너지,,theory,ba,5,얼음이 녹아 물이 될 때 열을 계속 가해도 온도가 올라가지 않는 까닭으로 옳은 것은?,가해 준 열이 모두 밖으로 빠져나가기 때문,얼음은 열을 흡수하지 못하기 때문,가해 준 열이 입자 사이의 인력을 끊는 데 모두 쓰이기 때문,얼음의 질량이 늘어나기 때문,3,"고체에서 액체로, 액체에서 기체로 상태가 변하려면 입자를 붙잡고 있는 인력을 끊어야 합니다. 가해 준 열량이 모두 이 인력을 끊는 데 쓰이므로 입자의 평균 운동 에너지, 즉 온도는 변하지 않습니다."
537,PHY,물리학,1,힘과 에너지,2,에너지와 열,2,열과 에너지,,theory,ba,5,밀폐된 통 안에서 진자를 흔들면 진폭이 점점 줄어들다가 결국 멈춘다. 이 과정에 대한 설명으로 옳은 것은?,진자의 역학적 에너지가 완전히 소멸한다.,밀폐된 통이므로 진자는 영원히 같은 진폭으로 진동한다.,진자의 역학적 에너지가 마찰에 의해 열에너지로 전환되어 통 안의 온도가 아주 조금 올라간다.,진자의 에너지가 통 밖으로 빠져나간다.,3,"통이 밀폐되어 있으므로 에너지가 밖으로 나갈 수는 없습니다. 진폭이 줄어든 만큼의 역학적 에너지는 공기와의 마찰, 실의 마찰 등을 통해 열로 전환되어 통 안에 그대로 남아 있습니다. 이 계는 닫힌계이므로 에너지의 총량은 변하지 않습니다."
538,PHY,물리학,1,힘과 에너지,2,에너지와 열,2,열과 에너지,,theory,ad,5,[심화] 멈춘 진자가 통 안에 흩어진 열을 다시 흡수하여 스스로 처음의 진폭으로 진동을 시작하는 일은 일어나지 않는다. 그 까닭으로 옳은 것은?,열역학 제2법칙에 따라 자연 현상은 비가역적인 방향으로만 저절로 진행하기 때문,에너지 보존 법칙에 위배되기 때문,통 안의 열에너지가 진자가 잃은 에너지보다 작기 때문,진자의 질량이 변했기 때문,1,"이 과정은 에너지 보존 법칙(열역학 제1법칙)에는 전혀 위배되지 않습니다. 통 안의 총 에너지는 그대로이기 때문입니다. 그런데도 일어나지 않는 것은, 흩어진 열이 저절로 한곳에 모여 역학적 에너지로 되돌아가지 않기 때문입니다. 이러한 자연 현상의 방향성을 규정하는 것이 열역학 제2법칙입니다."
539,PHY,물리학,1,힘과 에너지,2,에너지와 열,2,열과 에너지,,theory,ba,5,'비가역 과정'의 정의로 옳은 것은?,시간이 지나면 저절로 반대 방향으로도 일어나는 과정,스스로 처음 상태로 되돌아갈 수 없는 방향으로만 진행하는 과정,에너지가 보존되지 않는 과정,열이 전혀 출입하지 않는 과정,2,"비가역 과정은 저절로 되돌아갈 수 없는 과정입니다. 마찰에 의한 열 발생, 기체의 자유 팽창, 잉크가 물에 퍼지는 현상 등이 대표적입니다. 비가역이라고 해서 에너지가 보존되지 않는 것은 아니라는 점을 반드시 구분해야 합니다."
540,PHY,물리학,1,힘과 에너지,2,에너지와 열,3,열효율,,theory,ba,5,"열역학에서 쓰는 기호 p, V, T의 의미를 순서대로 옳게 짝지은 것은?","부피, 압력, 온도","압력, 부피, 온도","압력, 속력, 시간","일, 부피, 온도",2,"p는 압력(pressure), V는 부피(volume), T는 온도(temperature)입니다. 열역학에서 기체의 상태를 나타내는 세 가지 기본 변수입니다."
541,PHY,물리학,1,힘과 에너지,2,에너지와 열,3,열효율,,theory,ba,5,"기호 W, Q, U의 의미를 순서대로 옳게 짝지은 것은?","일, 열, 내부 에너지","열, 일, 내부 에너지","일, 내부 에너지, 열","내부 에너지, 열, 일",1,"W는 일(work), Q는 열(quantity of heat), U는 내부 에너지(internal energy)입니다. 이 세 가지가 열역학 제1법칙을 구성하는 양들입니다."
542,PHY,물리학,1,힘과 에너지,2,에너지와 열,3,열효율,,theory,ba,5,압력의 정의로 옳은 것은?,단위 부피당 작용하는 힘,단위 시간당 작용하는 힘,단위 넓이에 수직으로 작용하는 힘,단위 길이당 작용하는 힘,3,압력 P = F / A. 넓이 A인 면에 수직으로 작용하는 힘 F를 넓이로 나눈 값입니다. 같은 힘이라도 닿는 면적이 좁을수록 압력이 커집니다.
543,PHY,물리학,1,힘과 에너지,2,에너지와 열,3,열효율,,theory,ba,5,기체의 압력이 생기는 근원으로 옳은 것은?,기체 분자가 서로 끌어당기기 때문,기체의 질량이 벽을 누르기 때문,기체가 전자기파를 방출하기 때문,기체 분자가 용기 벽과 충돌할 때 벽에 힘을 작용하기 때문,4,"매우 많은 수의 기체 분자가 끊임없이 용기 벽에 충돌하면서 벽을 때리고, 이 힘들이 모여 측정 가능한 압력으로 나타납니다. 온도가 높아 분자 운동이 활발할수록 충돌이 잦고 세져 압력이 커집니다."
544,PHY,물리학,1,힘과 에너지,2,에너지와 열,3,열효율,,theory,ba,5,단면적이 A인 피스톤이 일정한 압력 P를 받으며 거리 ΔL만큼 밀려났다. 이때 기체가 한 일 W를 나타내는 식으로 옳은 것은?,W = P / ΔV,W = PΔV,W = P + ΔV,W = PΔV²,2,기체가 한 일은 W = PΔV 입니다. 압력이 일정할 때 압력과 부피 변화량의 곱으로 구합니다.
545,PHY,물리학,1,힘과 에너지,2,에너지와 열,3,열효율,,theory,ad,5,[심화] 위 상황에서 W = PΔV가 유도되는 과정으로 옳은 것은?,W = F / ΔL = PAΔL = PΔV,W = FΔL = (P / A) × ΔL = PΔV,W = FΔL = PAΔL = P(V₂ − V₁) = PΔV,W = FΔL = (PA / ΔL) = PΔV,3,일의 정의 W = FΔL 에서 출발합니다. 압력의 정의 P = F/A 에서 F = PA 이므로 W = PAΔL. 여기서 단면적 A에 밀려난 거리 ΔL을 곱한 AΔL이 곧 기체의 부피 변화량 V₂ − V₁ 이므로 W = PΔV 가 됩니다. 압력의 정의에서 시작한다는 점이 핵심입니다.
546,PHY,물리학,1,힘과 에너지,2,에너지와 열,3,열효율,,theory,ba,5,기체의 부피-압력 그래프에서 그래프 아래의 넓이가 나타내는 물리량은?,기체의 내부 에너지,기체의 온도,기체가 흡수한 열,기체가 한 일,4,"세로축이 압력 P, 가로축이 부피 V이므로 넓이는 P × ΔV, 즉 기체가 한 일입니다. 앞서 배운 F-s 그래프의 넓이가 일이었던 것과 같은 구조입니다."
547,PHY,물리학,1,힘과 에너지,2,에너지와 열,3,열효율,,theory,ba,5,"기체가 팽창하여 부피가 늘어날 때, 기체가 한 일에 대한 설명으로 옳은 것은?",기체가 외부에 일을 하므로 W > 0 이다.,기체가 외부로부터 일을 받으므로 W < 0 이다.,기체는 일을 하지 않으므로 W = 0 이다.,부피 변화와 일은 아무 관계가 없다.,1,"팽창은 ΔV > 0 이므로 W = PΔV > 0, 즉 기체가 외부에 일을 해 준 것입니다. 반대로 압축되면 ΔV < 0 이 되어 기체가 외부로부터 일을 받습니다. 부호는 부피가 늘었는지 줄었는지로 판단합니다."
548,PHY,물리학,1,힘과 에너지,2,에너지와 열,3,열효율,,theory,ba,5,열기관의 정의로 옳은 것은?,일을 열로 전환하는 장치,열을 일로 전환하는 장치,온도를 낮추기만 하는 장치,에너지를 새로 만들어 내는 장치,2,"열기관은 열을 일로 전환하는 장치입니다. 증기 터빈, 자동차의 내연 기관이 대표적입니다. 고열원에서 열을 받아 일부를 일로 바꾸고 나머지는 저열원으로 방출합니다."
549,PHY,물리학,1,힘과 에너지,2,에너지와 열,3,열효율,,theory,ba,5,"열기관이 고열원에서 Q₁의 열을 받아 W만큼의 일을 하고 저열원으로 Q₂의 열을 방출할 때, 성립하는 관계식으로 옳은 것은?",Q₁ = W − Q₂,Q₁ = W × Q₂,Q₁ = W + Q₂,W = Q₁ + Q₂,3,"에너지의 총량이 보존되므로 (받은 열) = (한 일) + (방출한 열), 즉 Q₁ = W + Q₂ 입니다. 이를 W에 대해 정리하면 W = Q₁ − Q₂ 가 됩니다."
550,PHY,물리학,1,힘과 에너지,2,에너지와 열,3,열효율,,theory,ba,5,열효율의 정의식으로 옳은 것은?,열효율 = Q₁ / W,열효율 = W / Q₂,열효율 = Q₂ / Q₁,열효율 = W / Q₁,4,"열효율 = (열기관이 한 일) / (열기관이 받은 열) = W / Q₁ 입니다. 공급한 열 중에서 얼마만큼을 일로 바꿔 냈는지를 나타내는 비율이므로, 분모가 받은 열 Q₁ 이라는 점이 핵심입니다."
551,PHY,물리학,1,힘과 에너지,2,에너지와 열,3,열효율,,theory,ba,5,열효율을 Q₁과 Q₂만으로 나타낸 식으로 옳은 것은?,1 + Q₂/Q₁,Q₂/Q₁ − 1,1 − Q₁/Q₂,1 − Q₂/Q₁,4,W = Q₁ − Q₂ 이므로 열효율 = W/Q₁ = (Q₁ − Q₂)/Q₁ = 1 − Q₂/Q₁ 입니다. 방출하는 열 Q₂가 작을수록 열효율이 높아진다는 것을 이 식에서 바로 읽을 수 있습니다.
552,PHY,물리학,1,힘과 에너지,2,에너지와 열,3,열효율,,theory,ad,5,[심화] 어떤 열기관이 고열원에서 500 J의 열을 받아 150 J의 일을 하였다. 이 열기관의 열효율과 저열원으로 방출한 열을 옳게 짝지은 것은?,"30 %, 650 J","70 %, 350 J","30 %, 350 J","15 %, 350 J",3,"열효율 = W/Q₁ = 150/500 = 0.3, 즉 30 % 입니다. 방출한 열은 Q₂ = Q₁ − W = 500 − 150 = 350 J 입니다. 열효율은 방출한 열의 비율(70 %)이 아니라 일로 바뀐 비율이라는 점에 주의합니다."
553,PHY,물리학,1,힘과 에너지,2,에너지와 열,3,열효율,,theory,ba,5,열의 이동 방향에 대한 설명으로 옳은 것은?,열은 항상 온도가 높은 곳에서 낮은 곳으로 저절로 이동한다.,열은 항상 온도가 낮은 곳에서 높은 곳으로 저절로 이동한다.,열은 양쪽으로 똑같이 이동한다.,열은 크기가 큰 물체에서 작은 물체로 이동한다.,1,"열의 이동에는 항상 방향성이 있습니다. 얼음이 주변의 열을 흡수해 녹는 일은 저절로 일어나지만, 녹은 물이 스스로 열을 방출하여 다시 얼음이 되는 일은 일어나지 않습니다. 두 경우 모두 에너지 보존에는 어긋나지 않지만, 실제로는 한 방향으로만 진행합니다."
554,PHY,물리학,1,힘과 에너지,2,에너지와 열,3,열효율,,theory,ba,5,냉장고는 온도가 낮은 안쪽에서 온도가 높은 바깥쪽으로 열을 옮긴다. 이에 대한 설명으로 옳은 것은?,열역학 제2법칙에 위배되는 현상이다.,자연적으로 저절로 일어나는 열의 이동이다.,냉장고 안의 열이 저절로 사라지는 것이다.,"강제적인 열의 이동으로, 외부에서 추가적인 에너지를 공급해야만 가능하다.",4,"냉장고나 에어컨은 자연적인 방향과 반대로 열을 옮기지만, 이는 전기 에너지를 계속 공급받아 강제로 일으키는 것입니다. 에너지를 공급받는다는 조건이 붙으므로 열역학 제2법칙에 위배되지 않습니다. 저절로 일어나지 않는다는 점이 핵심입니다."
555,PHY,물리학,1,힘과 에너지,2,에너지와 열,3,열효율,,theory,ba,5,열기관의 열효율이 1(100 %)이 될 수 없는 까닭으로 옳은 것은?,에너지 보존 법칙에 위배되기 때문,"열기관이 작동할 때 저온의 주변으로 열이 이동하는 것을 막을 수 없어, 공급한 열의 일부만 일로 전환되기 때문",열기관의 부품이 마모되기 때문,고열원의 온도를 충분히 높일 수 없기 때문,2,"열효율이 1이려면 Q₂ = 0 이어야 하는데, 열기관이 작동하는 한 저온의 주변으로 열이 빠져나가는 것을 막을 수 없습니다. 따라서 공급한 열의 일부만 일로 전환됩니다. 부품 마모 같은 기술적 한계가 아니라 자연 법칙에 의한 근본적인 한계라는 점이 중요합니다."
556,PHY,물리학,1,힘과 에너지,2,에너지와 열,3,열효율,,theory,ba,5,영구 기관을 만들 수 없는 까닭으로 옳은 것은?,영구 기관은 에너지 보존 법칙과 열 이동의 방향성이라는 자연의 근본 법칙을 위배하기 때문,영구 기관은 기술이 아직 부족해 못 만들 뿐 원리적으로는 가능하기 때문,영구 기관은 마찰만 없애면 만들 수 있기 때문,영구 기관은 열효율이 0이기 때문,1,영구 기관은 외부에서 에너지를 공급받지 않고 스스로 영구히 작동하며 일을 하는 장치입니다. 이는 에너지 보존 법칙과 열 이동의 방향성이라는 자연의 근본 법칙에 어긋나므로 만들 수 없습니다. 기술 부족이 아니라 원리적으로 불가능하다는 점이 핵심입니다.
557,PHY,물리학,1,힘과 에너지,2,에너지와 열,3,열효율,,theory,ad,5,[심화] 이상 기체 상태 방정식과 각 기호의 의미로 옳은 것은?,"PV = nRT — n은 몰수, R은 기체 상수, T는 절대 온도","PV = nRT — n은 질량, R은 압력, T는 섭씨 온도","P / V = nRT — n은 몰수, R은 기체 상수, T는 절대 온도","PV = nR / T — n은 몰수, R은 기체 상수, T는 절대 온도",1,"PV = nRT. P는 압력, V는 부피, n은 몰수, R은 기체 상수, T는 절대 온도(K)입니다. T가 섭씨가 아니라 절대 온도라는 점이 자주 실수하는 부분입니다. 이 식에 따르면 온도가 일정할 때 압력과 부피는 반비례합니다."
558,PHY,물리학,1,힘과 에너지,2,에너지와 열,3,열효율,,theory,ad,5,[심화] 열기관이 저열원으로 방출한 열 Q₂를 다시 고열원으로 되돌려 쓰면 열효율 100 %인 기관을 만들 수 있을 것처럼 보인다. 이것이 불가능한 까닭으로 옳은 것은?,에너지 보존 법칙에 위배되기 때문,방출한 열 Q₂의 크기가 너무 작기 때문,"저온의 열원으로 보내진 열을 다시 고온의 열원으로 되돌려 일을 하게 하는 과정이 필요한데, 이것이 열역학 제2법칙에 모순되기 때문",열은 이동할 때마다 저절로 사라지기 때문,3,"이 발상은 에너지 보존 법칙(제1법칙)에는 어긋나지 않습니다. 총량이 그대로이기 때문입니다. 문제는 저온으로 내려간 열을 저절로 고온으로 되돌릴 수 없다는 데 있습니다. 되돌리려면 외부에서 다시 일을 해 주어야 하고, 그러면 얻는 것보다 들이는 것이 커집니다. 이 방향성이 열역학 제2법칙입니다."
559,PHY,물리학,1,힘과 에너지,2,에너지와 열,3,열효율,,theory,ad,5,"[심화] 농구공 위에 작은 공을 살짝 얹은 채 함께 떨어뜨리면, 작은 공이 처음 높이보다 훨씬 높이 튀어 오른다. 이 현상에 대한 설명으로 옳은 것은?",작은 공이 새로운 에너지를 만들어 내므로 에너지 보존 법칙이 성립하지 않는다.,바닥에서 먼저 튀어 오른 농구공이 아직 내려오던 작은 공과 충돌하면서 자신의 운동 에너지 상당 부분을 작은 공에 넘겨주기 때문이다.,작은 공의 질량이 순간적으로 줄어들기 때문이다.,공기 저항이 작은 공만 위로 밀어 올리기 때문이다.,2,"무거운 농구공이 먼저 바닥에서 튕겨 위로 올라오고, 그 위에서 아직 내려오고 있던 가벼운 공과 정면으로 충돌합니다. 이때 무거운 공이 가진 운동 에너지의 상당 부분이 가벼운 공으로 옮겨 갑니다. 질량이 작으므로 같은 에너지를 받아도 속력이 훨씬 커져 높이 튀어 오릅니다. 두 공 전체로 보면 에너지의 총량은 보존됩니다."
